<?xml version="1.0" encoding="utf-8"?>  
<APNS>
	<APN sim_type="CMCC">
		<_id></_id>
		<name>移动</name>
		<mcc></mcc>
		<mnc></mnc>
		<apn>jsepc.js</apn>
		<user></user>
		<password></password>
		<server></server>
		<proxy></proxy>
		<port>5200</port>
		<mmsproxy></mmsproxy>
		<mmsport></mmsport>
		<mmsc></mmsc>
		<type>default,supl</type>
	</APN>
	<APN sim_type="CUCC">
		<_id></_id>
		<name>联通</name>
		<mcc></mcc>
		<mnc></mnc>
		<apn>jssdlgs.wxcb.js</apn>
		<user>JSSDL</user>
		<password></password>
		<server></server>
		<proxy></proxy>
		<port>5200</port>
		<mmsproxy></mmsproxy>
		<mmsport></mmsport>
		<mmsc></mmsc>
		<type>default,supl</type>
	</APN>
	<APN sim_type="other">
		<_id></_id>
		<name></name>
		<mcc></mcc>
		<mnc></mnc>
		<apn></apn>
		<user></user>
		<password></password>
		<server></server>
		<proxy></proxy>
		<port></port>
		<mmsproxy></mmsproxy>
		<mmsport></mmsport>
		<mmsc></mmsc>
		<type></type>
	</APN>
</APNS>